SNo,Name,Symbol,Date,High,Low,Open,Close,Volume,Marketcap
1,Aave,AAVE,2020-10-05 23:59:59,55.11235847,49.78789992,52.67503496,53.21924296,0.0,89128128.86084658
2,Aave,AAVE,2020-10-06 23:59:59,53.40227002,40.73457791,53.29196931,42.40159861,583091.4597628,71011441.25451232
3,Aave,AAVE,2020-10-07 23:59:59,42.40831364,35.97068975,42.39994711,40.08397561,682834.18632335,67130036.89981823
4,Aave,AAVE,2020-10-08 23:59:59,44.90251114,36.69605677,39.88526234,43.76446306,1658816.92260445,220265142.10956782
5,Aave,AAVE,2020-10-09 23:59:59,47.56953274,43.2917758,43.76446306,46.81774415,815537.6607835,235632208.16269898
6,Aave,AAVE,2020-10-10 23:59:59,51.4056548,46.70332768,46.81814554,49.13371767,1074627.02770495,247288428.75616974
7,Aave,AAVE,2020-10-11 23:59:59,51.45337431,48.71603954,49.13312951,49.66072573,692150.60094118,249940843.43242228
8,Aave,AAVE,2020-10-12 23:59:59,54.42141763,48.75407708,49.66157329,52.23869222,1354836.06481028,262915666.29307267
9,Aave,AAVE,2020-10-13 23:59:59,57.48190422,49.59873521,52.23839242,51.12431679,1386221.2066711,257307050.43080166
10,Aave,AAVE,2020-10-14 23:59:59,57.85394649,49.62952942,51.37289869,51.31651791,3132405.42216768,258274392.50811112
11,Aave,AAVE,2020-10-15 23:59:59,52.08068541,44.01832531,51.38760962,44.01918294,5883146.06280652,221547139.10727775
12,Aave,AAVE,2020-10-16 23:59:59,43.90673033,39.14295677,42.89060653,39.49584426,52855204.93631293,365071463.27992666
13,Aave,AAVE,2020-10-17 23:59:59,43.07737327,38.63361292,39.48619161,41.36699325,43339687.2478275,382367032.26402897
14,Aave,AAVE,2020-10-18 23:59:59,41.7494876,39.53158618,41.38959771,40.74697166,40441163.45662788,376635994.1363743
15,Aave,AAVE,2020-10-19 23:59:59,40.9951837,35.95136399,40.83675675,36.01231739,49289896.51123791,332872221.1838187
16,Aave,AAVE,2020-10-20 23:59:59,36.31907005,32.1010995,36.04378522,32.18001748,60632325.59383004,297449169.45201
17,Aave,AAVE,2020-10-21 23:59:59,37.07820274,32.04814912,32.25348971,35.16035652,43831234.96273086,324997301.45456576
18,Aave,AAVE,2020-10-22 23:59:59,39.85692062,33.58946348,35.09748742,38.03165056,54717366.37734977,402396251.49084926
19,Aave,AAVE,2020-10-23 23:59:59,42.54665591,36.92467124,37.73059438,41.68663736,76081859.91147137,445257057.97153026
20,Aave,AAVE,2020-10-24 23:59:59,42.43970617,38.72882165,41.68663733,39.45502214,57658170.2946863,421421064.2790179
21,Aave,AAVE,2020-10-25 23:59:59,40.92850939,37.60120084,39.45502214,37.90476078,43970451.95984127,404862645.1741443
22,Aave,AAVE,2020-10-26 23:59:59,39.16386433,35.07196756,37.90476254,36.03392191,50307222.85474928,384880121.63162833
23,Aave,AAVE,2020-10-27 23:59:59,38.86918184,34.46963521,36.0339136,34.87153083,58581307.85370107,372464564.3579749
24,Aave,AAVE,2020-10-28 23:59:59,35.56402236,32.00005907,34.87153639,32.39408292,60533866.82608766,346002819.346564
25,Aave,AAVE,2020-10-29 23:59:59,33.1554836,28.24077345,32.39408189,29.09833402,66304785.64501483,310800760.62242234
26,Aave,AAVE,2020-10-30 23:59:59,31.98077334,27.79246068,29.09834147,31.21782294,77280723.5890018,350090548.37008536
27,Aave,AAVE,2020-10-31 23:59:59,32.90016101,29.61025941,31.21782294,29.70751775,58631071.60696922,333516029.29639417
28,Aave,AAVE,2020-11-01 23:59:59,31.0670602,28.49448212,29.70751776,30.65727643,49568339.15865809,345465544.0019291
29,Aave,AAVE,2020-11-02 23:59:59,33.92358529,29.34464956,30.65728227,29.73152358,87180146.47242028,335349717.5105502
30,Aave,AAVE,2020-11-03 23:59:59,30.06291681,27.53711073,29.73152554,28.04280321,56775011.59564292,316455541.5979732
31,Aave,AAVE,2020-11-04 23:59:59,28.4330692,26.08951824,28.04297069,27.71508436,50464690.5101932,313021334.56848735
32,Aave,AAVE,2020-11-05 23:59:59,32.3030396,25.96615498,27.7150798,30.95562668,85212411.64251429,350205472.9254519
33,Aave,AAVE,2020-11-06 23:59:59,40.76907497,30.8551283,30.95511845,38.45744081,147304661.0003733,435876358.24936235
34,Aave,AAVE,2020-11-07 23:59:59,51.42799241,38.45744081,38.45744081,44.60489962,200580053.60534418,507707213.19756013
35,Aave,AAVE,2020-11-08 23:59:59,54.78636021,42.86425511,44.60489961,53.74937894,174706008.6468665,613014913.9174644
36,Aave,AAVE,2020-11-09 23:59:59,58.36411095,49.86012895,53.74937384,54.88649964,386011347.7491519,626843328.1215719
37,Aave,AAVE,2020-11-10 23:59:59,70.30982523,53.17903589,54.88650532,67.00111098,433793206.4967589,780700254.0603075
38,Aave,AAVE,2020-11-11 23:59:59,68.77859822,53.71675388,67.00111108,54.69964668,354136841.3455583,638025534.6074319
39,Aave,AAVE,2020-11-12 23:59:59,59.61831483,50.52310167,54.69962256,51.63241804,244505561.5470832,603421827.5595561
40,Aave,AAVE,2020-11-13 23:59:59,66.12366042,51.1791527,51.63243434,63.39907168,318852071.2420879,743396746.1819518
41,Aave,AAVE,2020-11-14 23:59:59,68.37704309,57.89727345,63.39907168,67.01611273,243698854.74567783,786814070.8942633
42,Aave,AAVE,2020-11-15 23:59:59,71.17455519,60.08891509,67.01611268,64.23729542,258275517.09982908,754769242.984942
43,Aave,AAVE,2020-11-16 23:59:59,74.0423007,61.20922869,64.23729391,71.76639355,252527244.67467812,843863117.2246927
44,Aave,AAVE,2020-11-17 23:59:59,79.56212338,68.95632584,73.2530654,78.44328478,310951195.4893777,923384720.0462722
45,Aave,AAVE,2020-11-18 23:59:59,79.21050482,67.64859817,78.44275754,75.23227405,291394550.7946071,887327038.570436
46,Aave,AAVE,2020-11-19 23:59:59,80.73120239,70.5034588,75.23277433,75.85718351,275294182.28090847,895838057.7896098
47,Aave,AAVE,2020-11-20 23:59:59,82.17322523,74.68948917,75.85718441,75.06539972,260578165.49533346,888309702.5449907
48,Aave,AAVE,2020-11-21 23:59:59,76.89173349,67.79606731,75.06539968,70.42424685,237984829.20010588,833647262.7056857
49,Aave,AAVE,2020-11-22 23:59:59,74.6597895,63.29912732,70.4242469,68.42477869,209068686.3780854,811198457.4282078
50,Aave,AAVE,2020-11-23 23:59:59,73.77057074,65.73764591,68.42478443,71.83861244,220212896.1199827,852034424.5073861
51,Aave,AAVE,2020-11-24 23:59:59,74.38013135,66.27866009,71.85567173,66.73867871,193004081.17873782,792032288.2378324
52,Aave,AAVE,2020-11-25 23:59:59,67.45255654,59.55788547,66.71556336,61.80533895,154888752.21671736,733874939.2967753
53,Aave,AAVE,2020-11-26 23:59:59,65.09772852,50.38421932,61.81669679,63.99345248,282502058.4653289,760506808.6507189
54,Aave,AAVE,2020-11-27 23:59:59,68.66542935,56.65032306,64.00578618,60.73871861,201844805.75607982,722139363.7789521
55,Aave,AAVE,2020-11-28 23:59:59,66.20104081,58.979246,60.74922406,63.94728703,150605043.44521672,760508853.1865296
56,Aave,AAVE,2020-11-29 23:59:59,69.56144009,62.04129627,63.94875712,68.85312443,161791286.30746406,819035970.4519866
57,Aave,AAVE,2020-11-30 23:59:59,79.46509408,68.85644439,68.85644439,76.41953515,288079549.86705697,909941093.0031154
58,Aave,AAVE,2020-12-01 23:59:59,78.86189102,70.94403421,76.42472206,74.86836458,268968536.9296152,891921515.9888393
59,Aave,AAVE,2020-12-02 23:59:59,89.93801025,72.4543506,74.8611544,86.32324982,410949897.54953444,1029525776.0385627
60,Aave,AAVE,2020-12-03 23:59:59,94.06976137,83.21397488,86.38082732,91.67564477,390370348.3556075,1093762156.9254584
61,Aave,AAVE,2020-12-04 23:59:59,92.73576711,80.18386018,91.68452862,81.6418197,344330864.1263516,974344644.0414739
62,Aave,AAVE,2020-12-05 23:59:59,91.92059987,79.94649654,81.58988912,91.92059987,321071928.23277366,1097810892.1516194
63,Aave,AAVE,2020-12-06 23:59:59,92.73346394,84.95069045,91.94666405,87.95642649,261643152.78398654,1051203168.9805939
64,Aave,AAVE,2020-12-07 23:59:59,94.70016225,86.90958728,87.95654066,90.9602979,299145687.7401658,1087477655.8333125
65,Aave,AAVE,2020-12-08 23:59:59,91.09876956,78.20985346,90.95032482,79.94619074,376267574.7847037,956117556.4913539
66,Aave,AAVE,2020-12-09 23:59:59,86.12544951,75.09706845,79.92281871,82.11372218,357447823.9545926,982942929.9949715
67,Aave,AAVE,2020-12-10 23:59:59,83.05117464,75.8590325,82.18282288,76.64575648,299977126.99674493,917596922.5460534
68,Aave,AAVE,2020-12-11 23:59:59,78.34898133,70.70723382,76.62523273,74.72982934,314260628.56666005,894777251.8971121
69,Aave,AAVE,2020-12-12 23:59:59,79.99834299,74.64877724,74.68163358,77.55488043,228308571.77371025,928807400.9458117
70,Aave,AAVE,2020-12-13 23:59:59,84.64911414,76.92843287,77.58847305,83.42745942,269018776.92467237,999380433.358915
71,Aave,AAVE,2020-12-14 23:59:59,90.85681018,79.78814542,83.45492245,86.14011813,309773536.51004165,1032112150.701743
72,Aave,AAVE,2020-12-15 23:59:59,88.7453422,84.62607976,86.15458046,87.25809436,288078630.12110555,1045770157.8973216
73,Aave,AAVE,2020-12-16 23:59:59,89.48084257,80.96540248,87.22501124,87.23005839,368950333.1915783,1045506379.575309
74,Aave,AAVE,2020-12-17 23:59:59,89.47445661,83.34012744,87.23298911,85.08382773,361404899.28428113,1019961551.3521833
75,Aave,AAVE,2020-12-18 23:59:59,89.77304202,82.84064623,85.09337071,89.77007385,254960310.8344537,1076525471.5506575
76,Aave,AAVE,2020-12-19 23:59:59,96.06858373,88.96400336,89.83129712,89.01304208,357204770.5456118,1067684335.4318194
77,Aave,AAVE,2020-12-20 23:59:59,89.84421115,84.43455089,88.97544294,85.96947236,280308987.27089214,1031344697.2758621
78,Aave,AAVE,2020-12-21 23:59:59,87.63337491,77.89985001,85.96909929,81.31193717,215489072.06714502,975723269.0679436
79,Aave,AAVE,2020-12-22 23:59:59,85.61030076,76.15550286,81.22589588,84.10955202,244392689.8707386,1009442760.1055428
80,Aave,AAVE,2020-12-23 23:59:59,84.26820383,63.67705336,84.10286783,75.21556665,278229984.1943121,902812157.557945
81,Aave,AAVE,2020-12-24 23:59:59,80.4439646,71.28719443,75.31676447,80.25657151,289878177.16607887,963409600.2909257
82,Aave,AAVE,2020-12-25 23:59:59,81.50417507,75.92070481,80.25962689,79.79518007,172743359.15124372,958013751.496413
83,Aave,AAVE,2020-12-26 23:59:59,79.9801058,73.80886762,79.82209367,74.868333,181386506.70946598,898979377.0145285
84,Aave,AAVE,2020-12-27 23:59:59,81.52688405,72.60726467,74.87591603,76.96798485,213855387.96349987,924546580.8374871
85,Aave,AAVE,2020-12-28 23:59:59,85.21962997,76.16170207,76.91174253,81.88362359,226663289.81516027,984160252.9022946
86,Aave,AAVE,2020-12-29 23:59:59,82.70331397,75.19173596,81.86660056,77.90199883,163464865.4658465,936493441.5518985
87,Aave,AAVE,2020-12-30 23:59:59,84.9367816,77.10187416,77.9061581,80.88830364,205643884.0541269,973018228.8535388
88,Aave,AAVE,2020-12-31 23:59:59,87.6998754,78.42604748,80.85524534,87.5274822,204471306.25616992,1053210331.410881
89,Aave,AAVE,2021-01-01 23:59:59,90.34967103,85.12559659,87.54330564,90.34967103,202515778.52722815,1087592822.2173798
90,Aave,AAVE,2021-01-02 23:59:59,91.77162009,82.78576283,90.38482799,85.71284343,221843920.0913869,1032020483.2481197
91,Aave,AAVE,2021-01-03 23:59:59,92.42910958,81.85337486,85.71298896,91.09664966,298884107.11684716,1097389994.1441917
92,Aave,AAVE,2021-01-04 23:59:59,111.89987356,88.20161002,91.2304962,111.13203789,619262373.131525,1339476346.339024
93,Aave,AAVE,2021-01-05 23:59:59,119.95772976,99.53225695,111.15107382,116.45382785,573305329.4852206,1404342547.249715
94,Aave,AAVE,2021-01-06 23:59:59,119.8851618,109.85704892,116.5014983,115.00081244,392901334.3399963,1389419870.2162387
95,Aave,AAVE,2021-01-07 23:59:59,125.1173602,110.95208917,114.98445149,114.94044678,467716121.23043567,1391148360.454535
96,Aave,AAVE,2021-01-08 23:59:59,117.47867697,100.96896688,114.88431038,111.70277995,501393571.61776394,1352221085.0091486
97,Aave,AAVE,2021-01-09 23:59:59,118.94047169,106.45365528,111.70262962,117.66696294,337620867.7593545,1424946042.5667017
98,Aave,AAVE,2021-01-10 23:59:59,134.09957064,113.93094463,117.67017938,126.20067343,512402602.85617554,1528930605.940942
99,Aave,AAVE,2021-01-11 23:59:59,126.14799918,95.15299713,126.14799918,115.60195207,610095319.0815829,1402127902.577836
100,Aave,AAVE,2021-01-12 23:59:59,132.76556292,109.99994684,115.43930415,126.05295916,541259410.5638888,1529400855.5411913
101,Aave,AAVE,2021-01-13 23:59:59,147.4692885,120.68138915,126.10963722,147.4692885,540090767.4245772,1799950317.2789989
102,Aave,AAVE,2021-01-14 23:59:59,153.16103357,139.53990497,147.17831817,147.2622138,467793933.9662259,1797974219.3641748
103,Aave,AAVE,2021-01-15 23:59:59,163.0450734,141.03971198,147.32644957,162.5793443,588428158.2173206,1988529819.2382636
104,Aave,AAVE,2021-01-16 23:59:59,199.42680205,162.69362454,162.69362454,182.93181721,896636347.4520636,2238510904.062113
105,Aave,AAVE,2021-01-17 23:59:59,196.80113845,175.36021383,182.37267232,186.2648519,631950249.7831974,2280831100.500596
106,Aave,AAVE,2021-01-18 23:59:59,197.66044299,181.44289524,186.19019975,197.65705672,495408127.87871057,2421614478.2345505
107,Aave,AAVE,2021-01-19 23:59:59,206.22215614,185.817549,197.71740787,187.50846827,501884679.0409566,2298257565.7471347
108,Aave,AAVE,2021-01-20 23:59:59,198.19886798,173.54166984,187.1289415,193.3356448,629524750.396603,2370382680.144542
109,Aave,AAVE,2021-01-21 23:59:59,193.4189507,156.91452532,193.32167869,159.99185659,581488355.1622448,1961810810.2293148
110,Aave,AAVE,2021-01-22 23:59:59,194.5527093,148.81667161,159.880358,188.27962871,621666180.527225,2309153719.5381904
111,Aave,AAVE,2021-01-23 23:59:59,216.9347528,184.75756039,187.96894069,210.36705841,564323079.8501879,2581064745.6404433
112,Aave,AAVE,2021-01-24 23:59:59,285.432791,210.61393513,210.61393513,264.85014401,1241700329.7266734,3251074103.9558263
113,Aave,AAVE,2021-01-25 23:59:59,281.03039845,240.25944335,264.25886028,249.74367963,1081208271.0289412,3066479750.692207
114,Aave,AAVE,2021-01-26 23:59:59,281.71788898,241.9276771,249.1981637,272.3576004,1081042277.5403025,3345908147.025244
115,Aave,AAVE,2021-01-27 23:59:59,290.40235352,257.25419037,272.67511063,282.44377082,1111051096.4694834,3473257310.8946924
116,Aave,AAVE,2021-01-28 23:59:59,305.43170394,274.74627799,282.18623189,297.41404299,874888871.6,3658821334.13
117,Aave,AAVE,2021-01-29 23:59:59,306.1231135,272.62314095,292.26857084,286.89914533,1050249644.78,3530265420.3
118,Aave,AAVE,2021-01-30 23:59:59,316.14377732,283.0867247,286.97316007,313.08732974,805008933.69,3854426676.67
119,Aave,AAVE,2021-01-31 23:59:59,317.18857817,293.55978026,313.89264347,300.06256418,539565884.95,3697226540.33
120,Aave,AAVE,2021-02-01 23:59:59,306.99053591,285.56610689,300.03660994,295.66131353,639510002.09,3643317247.54
121,Aave,AAVE,2021-02-02 23:59:59,303.16399672,285.17213889,295.74798767,301.11819132,752215469.92,3711117723.85
122,Aave,AAVE,2021-02-03 23:59:59,367.7925718,300.02753677,301.09644895,365.5988563,1083942424.89,4506679200.81
123,Aave,AAVE,2021-02-04 23:59:59,506.81430279,366.33473688,366.33473688,466.4799454,2838572595.82,5754281218.82
124,Aave,AAVE,2021-02-05 23:59:59,534.40920329,463.88750013,465.20695854,506.77264181,1511505451.24,6253059939.33
125,Aave,AAVE,2021-02-06 23:59:59,509.1511721,443.63367911,506.38615051,472.32853192,1485662684.03,5832334571.25
126,Aave,AAVE,2021-02-07 23:59:59,479.95690274,399.00333725,472.60146377,461.5083374,1373619547.81,5700023386.8
127,Aave,AAVE,2021-02-08 23:59:59,529.13674002,458.58015296,461.79613607,490.34201617,1711240052.77,6057557720.36
128,Aave,AAVE,2021-02-09 23:59:59,505.94283055,475.6519234,490.01141316,488.00188063,1165494591.8,6030579943.23
129,Aave,AAVE,2021-02-10 23:59:59,559.12294431,486.48228999,487.6995549,517.96825685,1880615394.0,6404109768.83
130,Aave,AAVE,2021-02-11 23:59:59,532.93623082,504.78166007,516.32640227,518.07254013,836675655.61,6409555495.12
131,Aave,AAVE,2021-02-12 23:59:59,542.94300205,502.3366133,517.90625643,529.89617535,822757465.38,6558682803.75
132,Aave,AAVE,2021-02-13 23:59:59,542.13536671,491.64641471,529.82971664,494.55965157,783556570.31,6124959579.25
133,Aave,AAVE,2021-02-14 23:59:59,508.7522981,462.43832149,494.71378746,471.6146565,685293985.66,5841937064.85
134,Aave,AAVE,2021-02-15 23:59:59,494.31787426,401.60338895,470.92257667,455.61472533,1153106183.3,5643744346.22
135,Aave,AAVE,2021-02-16 23:59:59,477.64167339,423.50151899,454.71170674,431.5302847,927532561.85,5345408014.9
136,Aave,AAVE,2021-02-17 23:59:59,455.5505286,401.53671938,431.41689139,449.60051733,1095918427.91,5569245761.06
137,Aave,AAVE,2021-02-18 23:59:59,476.6646223,435.79495161,449.05388169,440.5109236,577451189.48,5456652070.81
138,Aave,AAVE,2021-02-19 23:59:59,444.4219644,407.32203736,440.50128142,422.2425337,667057562.2,5230359731.15
139,Aave,AAVE,2021-02-20 23:59:59,489.74754408,409.89587291,421.83145004,442.02387644,1512350119.37,5482898402.56
140,Aave,AAVE,2021-02-21 23:59:59,451.37066675,427.24958639,441.2820991,435.85377271,555957721.72,5407627356.65
141,Aave,AAVE,2021-02-22 23:59:59,444.67329695,361.83871694,435.87840115,400.88243658,924414231.89,4974530206.13
142,Aave,AAVE,2021-02-23 23:59:59,401.64885291,288.71452331,400.78497558,359.49751981,1179704137.16,4461394530.87
143,Aave,AAVE,2021-02-24 23:59:59,402.91031358,344.93886044,360.21098531,367.23089964,763533885.8,4557746908.16
144,Aave,AAVE,2021-02-25 23:59:59,384.70787702,337.50146351,367.21921716,337.50146351,450643581.02,4189244710.34
145,Aave,AAVE,2021-02-26 23:59:59,350.86544151,305.15356187,338.27717556,323.10817521,549178299.16,4011295609.12
146,Aave,AAVE,2021-02-27 23:59:59,349.17849378,323.37611629,323.37611629,334.36448095,400236069.04,4151558855.57
147,Aave,AAVE,2021-02-28 23:59:59,354.83655641,302.17219422,334.36457338,344.87000758,595665678.7,4282630707.73
148,Aave,AAVE,2021-03-01 23:59:59,386.42742529,344.80371467,345.18928444,385.41968876,743260217.03,4787397636.72
149,Aave,AAVE,2021-03-02 23:59:59,411.88731495,379.03467694,385.58918892,390.92626057,731511612.1,4855921767.78
150,Aave,AAVE,2021-03-03 23:59:59,413.63810676,385.87113286,390.91525628,396.30827717,428274369.61,4923743148.88
151,Aave,AAVE,2021-03-04 23:59:59,406.01219067,367.78668752,396.01716671,374.56693032,395856298.25,4653772702.49
152,Aave,AAVE,2021-03-05 23:59:59,374.36337845,341.83354044,374.32396675,367.12553589,334832774.85,4562190922.56
153,Aave,AAVE,2021-03-06 23:59:59,382.45293835,353.91752676,366.81600562,382.01959117,259155959.28,4747498176.4
154,Aave,AAVE,2021-03-07 23:59:59,407.70725033,378.1496075,382.11859286,407.15247143,587694984.87,5060997597.21
155,Aave,AAVE,2021-03-08 23:59:59,431.08899622,388.79808573,407.2454357,430.6251097,578702449.84,5353291199.64
156,Aave,AAVE,2021-03-09 23:59:59,441.17531557,418.16656411,430.78207243,439.32953693,453095765.28,5461756100.94
157,Aave,AAVE,2021-03-10 23:59:59,450.25979286,402.44024922,439.13217789,408.26351907,530439445.71,5076097240.69
158,Aave,AAVE,2021-03-11 23:59:59,411.65275634,389.26978879,407.40525228,403.50932755,396079584.32,5017241956.56
159,Aave,AAVE,2021-03-12 23:59:59,406.41473674,362.88351372,403.58986342,374.71471052,427189383.68,4659635360.2
160,Aave,AAVE,2021-03-13 23:59:59,415.92332152,361.53280979,374.79467525,405.39340121,542535232.39,5041674558.43
161,Aave,AAVE,2021-03-14 23:59:59,408.3292567,377.94880782,405.36330369,381.08260484,381409955.94,4739457975.83
162,Aave,AAVE,2021-03-15 23:59:59,389.06925577,358.23900347,380.70094392,369.02280205,352800736.83,4590010352.57
163,Aave,AAVE,2021-03-16 23:59:59,375.31807796,352.73665397,369.00102348,371.21927385,286266766.78,4617763704.8
164,Aave,AAVE,2021-03-17 23:59:59,379.86463919,359.72752146,371.33082243,379.1245646,280131587.99,4716940794.82
165,Aave,AAVE,2021-03-18 23:59:59,380.44649791,362.47976039,378.93109451,363.10073433,219482140.04,4517656907.39
166,Aave,AAVE,2021-03-19 23:59:59,377.26572726,356.67906702,363.01201574,369.37732538,235741846.52,4595860814.8
167,Aave,AAVE,2021-03-20 23:59:59,395.18907025,368.089939,369.18189654,372.47784121,260796699.2,4635091730.5
168,Aave,AAVE,2021-03-21 23:59:59,377.24518434,363.60498856,372.51412826,370.15155996,174671074.92,4606283845.85
169,Aave,AAVE,2021-03-22 23:59:59,373.76514507,342.27469804,370.24478625,344.32445841,229155373.86,4284996869.58
170,Aave,AAVE,2021-03-23 23:59:59,351.24670306,335.82679105,344.17108998,337.71448352,221157577.38,4203178634.82
171,Aave,AAVE,2021-03-24 23:59:59,352.32203663,313.80916016,337.49567218,322.38054762,246028275.93,4015946929.12
172,Aave,AAVE,2021-03-25 23:59:59,339.01341722,316.22446194,322.12586536,328.21590435,318638404.99,4088868432.99
173,Aave,AAVE,2021-03-26 23:59:59,357.86584949,327.54324658,328.14597612,355.60626394,322533721.51,4430363919.94
174,Aave,AAVE,2021-03-27 23:59:59,358.32341962,339.99769624,355.47236672,348.59236933,201495262.87,4343943724.09
175,Aave,AAVE,2021-03-28 23:59:59,352.82049859,336.06823141,348.46568151,346.18989982,197560213.16,4314382589.25
176,Aave,AAVE,2021-03-29 23:59:59,365.13390152,343.68119279,345.95870899,360.31627991,273206477.35,4490531522.37
177,Aave,AAVE,2021-03-30 23:59:59,377.86398082,354.83564279,360.24283563,373.64082623,324113326.93,4656864364.11
178,Aave,AAVE,2021-03-31 23:59:59,385.78006545,361.11462346,373.82708492,377.00814257,460781142.04,4698903088.6
179,Aave,AAVE,2021-04-01 23:59:59,385.29872156,369.99531813,377.18368656,377.61179926,342371946.85,4706655285.76
180,Aave,AAVE,2021-04-02 23:59:59,408.47991277,374.2909219,377.51466105,406.69230308,480081712.84,5069254861.38
181,Aave,AAVE,2021-04-03 23:59:59,411.37707798,385.41589822,406.88359101,385.42057192,395544800.58,4806154259.95
182,Aave,AAVE,2021-04-04 23:59:59,409.57952347,382.7888631,385.52697083,404.30973507,330959728.89,5042122934.79
183,Aave,AAVE,2021-04-05 23:59:59,407.32930559,388.30035121,404.39295268,397.92455936,306918909.35,4962595819.1
184,Aave,AAVE,2021-04-06 23:59:59,414.46970107,381.05020712,398.22538266,383.98994248,429756591.48,4788997765.1
185,Aave,AAVE,2021-04-07 23:59:59,387.92493727,343.95766357,384.01465896,350.995831,479760253.88,4378934904.69
186,Aave,AAVE,2021-04-08 23:59:59,377.93119268,349.1247067,351.38767647,377.93119268,261822849.23,4715193942.12
187,Aave,AAVE,2021-04-09 23:59:59,379.18028123,357.89147794,377.93218799,359.48357425,187074856.57,4485870791.61
188,Aave,AAVE,2021-04-10 23:59:59,374.97055281,357.08281899,359.37321874,367.26334069,278406911.91,4583145058.71
189,Aave,AAVE,2021-04-11 23:59:59,373.37874338,360.57380732,367.48909975,373.37874338,200658255.12,4660263686.21
190,Aave,AAVE,2021-04-12 23:59:59,417.72217992,365.38837572,372.45602284,396.53613746,787040258.53,4950915627.32
191,Aave,AAVE,2021-04-13 23:59:59,419.78904302,385.24825181,397.28498679,398.28391889,649056082.97,4973077447.0
192,Aave,AAVE,2021-04-14 23:59:59,430.78858392,387.57605277,398.21019792,430.41622827,709472129.75,5374639326.94
193,Aave,AAVE,2021-04-15 23:59:59,485.54265776,424.28299663,428.93606255,466.16483587,1064575198.24,5821565277.9
194,Aave,AAVE,2021-04-16 23:59:59,469.4293897,421.34026746,466.27193718,442.19440065,673556018.02,5522217402.2
195,Aave,AAVE,2021-04-17 23:59:59,460.75462549,422.82448165,441.31395406,430.1746817,369355828.08,5372112604.27
196,Aave,AAVE,2021-04-18 23:59:59,432.98090609,292.77538936,430.18149922,382.07509899,1020175372.3,4771434820.21
197,Aave,AAVE,2021-04-19 23:59:59,397.55232068,344.34172305,381.82247687,346.81257565,492796753.72,4331068954.6
198,Aave,AAVE,2021-04-20 23:59:59,371.56151091,316.48934559,346.11530829,361.60819853,549743935.6,4515839829.21
199,Aave,AAVE,2021-04-21 23:59:59,384.65097732,344.40242309,361.58153387,354.13844062,457471541.78,4422555909.18
200,Aave,AAVE,2021-04-22 23:59:59,413.36092629,346.32577026,353.46287082,362.2285832,934747605.16,4523527204.3
201,Aave,AAVE,2021-04-23 23:59:59,372.51797583,315.04539195,361.73020401,345.65529566,871499452.91,4316559227.28
202,Aave,AAVE,2021-04-24 23:59:59,345.91763301,315.48456743,345.76651771,317.49933002,344313634.66,3964946233.63
203,Aave,AAVE,2021-04-25 23:59:59,352.25897298,316.13366701,317.67093627,346.99324847,384827300.79,4333267643.55
204,Aave,AAVE,2021-04-26 23:59:59,407.97280455,345.79475744,347.64307039,405.15672313,778864321.5,5059615789.74
205,Aave,AAVE,2021-04-27 23:59:59,449.01496583,394.69529355,405.53764826,440.22324594,829037372.14,5497528139.23
206,Aave,AAVE,2021-04-28 23:59:59,486.03671396,424.17780399,440.6042979,460.35151028,1106424533.69,5748890829.87
207,Aave,AAVE,2021-04-29 23:59:59,462.82557118,425.80131733,461.08155056,438.70997496,602169994.59,5478630341.58
208,Aave,AAVE,2021-04-30 23:59:59,452.47550214,430.46611758,439.29815513,444.72879905,549295851.03,5553793693.58
209,Aave,AAVE,2021-05-01 23:59:59,510.98177585,436.83532029,444.86552929,503.86568384,876659862.61,6292297830.28
210,Aave,AAVE,2021-05-02 23:59:59,506.53124535,474.43864308,503.71184434,483.41444421,528803162.23,6036901809.32
211,Aave,AAVE,2021-05-03 23:59:59,532.78855889,480.5125322,482.06645108,519.06942055,800165583.14,6482162793.55
212,Aave,AAVE,2021-05-04 23:59:59,520.52138233,449.97582575,519.34329602,453.35241136,946515500.83,5661485760.68
213,Aave,AAVE,2021-05-05 23:59:59,483.67771305,445.15946002,452.65705583,480.03080165,598275754.56,5994646725.41
214,Aave,AAVE,2021-05-06 23:59:59,480.68362397,442.38935824,479.77123474,452.40875669,535837075.35,5649701357.76
215,Aave,AAVE,2021-05-07 23:59:59,466.90629457,434.80659135,452.41106524,445.22238064,444097912.4,5559957563.2
216,Aave,AAVE,2021-05-08 23:59:59,475.35474825,441.04545977,445.22404052,466.31755388,409427672.08,5823395056.67
217,Aave,AAVE,2021-05-09 23:59:59,468.57670616,441.89136052,466.57434844,459.58723356,356162916.89,5739346507.09
218,Aave,AAVE,2021-05-10 23:59:59,482.42247492,403.21347827,459.29901356,433.0535672,555568844.41,5407992861.34
219,Aave,AAVE,2021-05-11 23:59:59,458.75110371,417.65671141,433.15890771,457.17806873,471124523.27,5709260745.88
220,Aave,AAVE,2021-05-12 23:59:59,595.82513671,456.46180223,457.40104388,490.57903135,2700355688.72,6251969445.3
221,Aave,AAVE,2021-05-13 23:59:59,619.30596592,468.49869127,509.08943574,508.62279907,2672357693.16,6482732644.44
222,Aave,AAVE,2021-05-14 23:59:59,631.5928899,507.38728823,508.9166087,594.55687732,1517159070.69,7580234638.55
223,Aave,AAVE,2021-05-15 23:59:59,610.31494186,511.89910144,594.4355863,516.16936703,1073639999.02,6581333238.58
224,Aave,AAVE,2021-05-16 23:59:59,562.17659909,479.44748903,515.7094331,526.2147085,903490585.83,6709766021.94
225,Aave,AAVE,2021-05-17 23:59:59,593.00508265,473.22048208,527.26450022,574.25943504,1714951194.75,7323113977.48
226,Aave,AAVE,2021-05-18 23:59:59,666.86497857,565.74988663,572.2180282,632.26648755,2046638929.59,8063209781.54
227,Aave,AAVE,2021-05-19 23:59:59,649.05066157,354.45831882,629.2316655,418.369321,2596468764.84,5336170728.82
228,Aave,AAVE,2021-05-20 23:59:59,507.98340686,355.43206147,412.87683765,468.81267809,1490116640.59,5980158843.65
229,Aave,AAVE,2021-05-21 23:59:59,494.54843714,310.49052618,467.5263569,373.41851052,1224012357.59,4764076256.81
230,Aave,AAVE,2021-05-22 23:59:59,381.62825652,311.79975399,373.8030008,334.48069393,880707840.82,4267652851.7
231,Aave,AAVE,2021-05-23 23:59:59,351.11141075,210.04829176,335.38838929,295.08922914,1187561364.15,3765386794.92
232,Aave,AAVE,2021-05-24 23:59:59,397.06660616,289.40548358,294.31758896,385.57160812,1188069866.89,4920347743.33
233,Aave,AAVE,2021-05-25 23:59:59,403.74877236,323.66280703,386.97401273,371.38023972,856641755.42,4739642739.47
234,Aave,AAVE,2021-05-26 23:59:59,415.08126945,359.45637637,370.81038011,414.93294547,815698595.64,5295741939.71
235,Aave,AAVE,2021-05-27 23:59:59,415.19800843,365.75705,415.19800843,369.97811139,627234774.78,4722695575.04
236,Aave,AAVE,2021-05-28 23:59:59,376.53136082,305.07642629,371.60763773,320.3811519,691594902.23,4094856434.92
237,Aave,AAVE,2021-05-29 23:59:59,335.22437432,280.93323497,319.96143011,297.89964198,461875865.15,3807889683.09
238,Aave,AAVE,2021-05-30 23:59:59,338.76706247,283.18673565,297.75044967,325.1483991,404946833.61,4156839152.74
239,Aave,AAVE,2021-05-31 23:59:59,385.14911323,305.06582711,324.5817947,383.08341024,685229369.02,4897954880.81
240,Aave,AAVE,2021-06-01 23:59:59,392.7743238,361.50825713,382.43173358,372.8724613,599657382.37,4767779049.31
241,Aave,AAVE,2021-06-02 23:59:59,401.71075971,361.93325303,372.90909735,384.40269091,410524214.05,4915404364.2
242,Aave,AAVE,2021-06-03 23:59:59,408.96726025,377.89789682,384.44263126,397.49794841,357572383.78,5082959562.31
243,Aave,AAVE,2021-06-04 23:59:59,398.5462218,347.69042496,398.5462218,373.88263034,431321243.76,4781530086.14
244,Aave,AAVE,2021-06-05 23:59:59,391.55844855,347.72117872,373.3978012,356.66771648,357996565.63,4561449065.93
245,Aave,AAVE,2021-06-06 23:59:59,368.26187716,354.70910508,356.796678,365.66003352,204074691.8,4676895920.27
246,Aave,AAVE,2021-06-07 23:59:59,387.64553781,332.98570349,365.47444009,333.88496551,357944925.2,4270986921.64
247,Aave,AAVE,2021-06-08 23:59:59,338.99411651,297.53350429,334.9433387,331.01690893,406665178.62,4234703558.26
248,Aave,AAVE,2021-06-09 23:59:59,342.55435833,306.53779125,330.00978857,338.5967323,372168431.57,4332127856.58
249,Aave,AAVE,2021-06-10 23:59:59,339.40613288,305.41262114,339.01024406,310.14837954,244954071.63,3968314481.01
250,Aave,AAVE,2021-06-11 23:59:59,315.07769537,281.05563722,310.25112221,285.08174445,250130334.3,3647643402.16
251,Aave,AAVE,2021-06-12 23:59:59,288.95290177,266.50943649,285.43814666,278.51403806,251587257.99,3563847177.88
252,Aave,AAVE,2021-06-13 23:59:59,317.6083654,267.80128318,278.7386895,317.12916788,327631351.91,4058132278.98
253,Aave,AAVE,2021-06-14 23:59:59,336.04014978,309.09031964,316.28481157,317.90136333,335306770.96,4068123033.37
254,Aave,AAVE,2021-06-15 23:59:59,326.90090525,308.36694407,319.40059592,319.75729172,352145487.31,4091958380.19
255,Aave,AAVE,2021-06-16 23:59:59,313.73855321,287.53115884,311.92821301,290.26850308,192278220.23,3714910783.79
256,Aave,AAVE,2021-06-17 23:59:59,305.38852265,285.4597322,290.2963901,292.91462583,146151226.31,3748867972.37
257,Aave,AAVE,2021-06-18 23:59:59,293.7846042,253.6112191,293.53391972,264.35209385,229941834.93,3383440911.19
258,Aave,AAVE,2021-06-19 23:59:59,270.24330455,255.16786075,265.40468183,256.35608875,148810608.56,3281227060.66
259,Aave,AAVE,2021-06-20 23:59:59,277.1895489,242.62119102,255.23715327,273.49936021,242023664.13,3500727704.2
260,Aave,AAVE,2021-06-21 23:59:59,275.37700258,206.41473557,272.91656631,212.98946504,406497830.33,2726354239.2
261,Aave,AAVE,2021-06-22 23:59:59,222.89176774,171.37597814,212.55765704,205.75170322,589171952.09,2633899991.85
262,Aave,AAVE,2021-06-23 23:59:59,229.66437827,198.02488783,206.02714143,214.09076815,399527615.44,2740670233.57
263,Aave,AAVE,2021-06-24 23:59:59,217.90640324,193.35413113,207.66013749,210.85982427,256051017.16,2699309497.69
264,Aave,AAVE,2021-06-25 23:59:59,214.82974679,185.26866054,211.19505998,187.16875432,256442078.2,2400468190.85
265,Aave,AAVE,2021-06-26 23:59:59,193.11671511,176.7812784,187.06783399,186.97187502,224175853.69,2397984006.42
266,Aave,AAVE,2021-06-27 23:59:59,202.72034388,183.51706359,187.30900231,202.67640068,250757136.21,2599445021.94
267,Aave,AAVE,2021-06-28 23:59:59,232.83439489,200.8225861,202.76131387,226.37249247,340029039.59,2903823686.72
268,Aave,AAVE,2021-06-29 23:59:59,252.57564615,226.11815886,226.9977685,236.76587081,374246042.79,3037272383.02
269,Aave,AAVE,2021-06-30 23:59:59,252.12111627,220.08141214,238.11912654,250.38549399,363669939.71,3212200185.37
270,Aave,AAVE,2021-07-01 23:59:59,251.97441164,227.69141894,250.71043776,231.62636199,330715116.19,2971685384.78
271,Aave,AAVE,2021-07-02 23:59:59,234.4839565,215.95153937,230.81411855,233.94843657,256639522.76,3001542331.19
272,Aave,AAVE,2021-07-03 23:59:59,265.10734206,228.48520593,234.20847812,259.65522529,385377799.45,3331546057.4
273,Aave,AAVE,2021-07-04 23:59:59,289.00112414,248.28549084,259.39942603,277.03879166,427571943.31,3555054096.37
274,Aave,AAVE,2021-07-05 23:59:59,317.38723388,263.43388058,277.11053346,307.8290792,793140860.06,3950268561.44
275,Aave,AAVE,2021-07-06 23:59:59,346.71478017,307.99752532,307.99752532,316.89850739,988705452.84,4066775915.02
